"File","Path","Size","LastModified"
"admin.p12",".\certs\admin\admin.p12","5990","2026-02-26 10:58:27"
"admin.pem",".\certs\admin\admin.pem","2078","2026-02-26 10:58:27"
"api-client-combined.pem",".\certs\api\api-client-combined.pem","8109","2026-02-26 10:58:27"
"api-client.p12",".\certs\api\api-client.p12","6064","2026-02-26 10:58:27"
"api-client.pem",".\certs\api\api-client.pem","2134","2026-02-26 10:58:27"
"ca.pem",".\certs\ca\ca.pem","2053","2026-02-26 10:58:27"
"tls.p12",".\certs\ejbca\tls.p12","0","2026-02-26 20:01:17"
"ejbca-admin.p12",".\certs\ejbca-admin.p12","1","2026-02-26 19:25:35"
"signserver-tls.p12",".\certs\signserver\signserver-tls.p12","6096","2026-02-26 10:58:27"
"signserver-tls.pem",".\certs\signserver\signserver-tls.pem","2179","2026-02-26 10:58:27"
"ca-chain.pem",".\certs\ca-chain.pem","2053","2026-02-26 10:58:27"
"signer.p12",".\certs\signer.p12","2510","2026-02-26 10:58:27"
